{"loss": 4.6151933670043945, "constrast_loss": 4.615156650543213, "div_loss": 0.00036750503932125866, "%_mask_idx": 0.05110248178243637, "ppl": 639.7492065429688, "lr": 2.2900270778336562e-05, "temp": 1.8623087406158447, "grad_norm": 0.052670400589704514, "_timestamp": 1668020546.0265346, "_runtime": 28196.02709364891, "_step": 28, "val_loss": 4.685394763946533, "val_contrastive_loss": 4.6064887046813965, "val_diversity_loss": 0.7890658974647522, "val_num_losses": 1.0}